id,first_name,last_name,phone,email
3,test1,test112,+79781000003,test113@gmail.com
4,test2,test113,+79781000004,test114@gmail.com
5,test3,test112,+79781000005,test115@gmail.com
6,test4,test113,+79781000006,test116@gmail.com
7,test5,test112,+79781000007,test117@gmail.com
8,test6,test113,+79781000008,test118@gmail.com
9,test7,test112,+79781000009,test119@gmail.com
10,test8,test113,+79781000010,test120@gmail.com
11,test9,test112,+79781000011,test121@gmail.com
12,test10,test113,+79781000012,test122@gmail.com
13,test11,test112,+79781000013,test123@gmail.com
14,test12,test113,+79781000014,test124@gmail.com
15,test13,test112,+79781000015,test125@gmail.com
